https://mangakoma01.net/manga/zhou-shu-hui-zhana004,20240921,3ae730bb396539fa398dfd74f0b6bd8312aec7727d9b23a12b72611fb55751fb,20240919.0,0.0
https://www.tl-c.blue/,20240921,be405d38b6cfc21910e43ef31fbe2d60670d73bb8ee975971e9ba1a4c58ba3a3,20240914.0,0.0
https://loopholes.site/,20240921,352dab29e033615dfa60479cc2125475c0632a7a82af5c8c570fd91b5eb56f6f,20240921,0.0
https://chinesebeauty.mixh.jp/wp/,20240921,7921c0635f741700a3c12708f9de8504276b640353739a7f01a18bc0bf06177d,20240921,0.0
https://s1s1s1.com/top,20240921,541d0f69abee17c09096b76c41198f183dc1a0f85bcc62a7d23c23d7f34c6bb4,20240911.0,0.0
https://www.moeyo.com/,20240921,4b56b9f21ac40f5bee27a5d69625dd96d0963e54840026fd2753359676f40cf5,20240921,0.0
https://figure-times2.com/,20240921,406fb1407654a0ae69817585ae82d8f65bb3292382a8eca3b7b905b061e3f97e,20240920.0,0.0
https://javshirome.com/,20240921,ef6ddba4fbece21e5cad04e44f25d5b1e8e7aedd4da9884f5e7a5ac9a178aa23,20240921,0.0
https://gamewith.jp/apexlegends/,20240921,82db03e0fe2ac3c60a1609925aa199373303bf53c4d0dc4898d0cc08424ee1e3,20240919.0,0.0
https://sae-hiro-r18.blog.jp/,20240921,8c80822c8966fbd7f7a36c08e861cf95f607925e3518bac22af2a99b85e297b0,20240910.0,0.0
https://allasiangirls.net/?s=HaneAme,20240921,a6cd77bec610d1c4b3f1fadd589f555e8d92253db893e8d2c84d52b70d4e85e4,20240919.0,0.0
https://figure3d.site/,20240921,694005c821ac9cdf7866bacb8d273e896abdb7ca574980e244511e6e2adc6382,20240921,0.0
https://github.com/Sn0wCrack/saucybot-discord,20240921,694005c821ac9cdf7866bacb8d273e896abdb7ca574980e244511e6e2adc6382,20240921,0.0
https://waifubitches.com/search/HANE%20AME,20240921,c9c9178800c829fecf0328caddf66790d0abb81d1a9fa72d12c26b474f54dd2f,20240827.0,0.0
